/*
 Navicat Premium Data Transfer

 Source Server         : mysql-localhost
 Source Server Type    : MySQL
 Source Server Version : 50735
 Source Host           : localhost:3306
 Source Schema         : ingot_core

 Target Server Type    : MySQL
 Target Server Version : 50735
 File Encoding         : 65001

 Date: 19/02/2023 18:56:22
*/

SET NAMES utf8mb4;
SET FOREIGN_KEY_CHECKS = 0;

-- ----------------------------
-- Table structure for oauth2_authorization
-- ----------------------------
DROP TABLE IF EXISTS `oauth2_authorization`;
CREATE TABLE `oauth2_authorization` (
  `id` varchar(100) NOT NULL,
  `registered_client_id` varchar(100) NOT NULL,
  `principal_name` varchar(200) NOT NULL,
  `authorization_grant_type` varchar(100) NOT NULL,
  `authorized_scopes` varchar(1000) DEFAULT NULL,
  `attributes` varchar(4000) DEFAULT NULL,
  `state` varchar(500) DEFAULT NULL,
  `authorization_code_value` blob,
  `authorization_code_issued_at` datetime DEFAULT NULL,
  `authorization_code_expires_at` datetime DEFAULT NULL,
  `authorization_code_metadata` varchar(2000) DEFAULT NULL,
  `access_token_value` blob,
  `access_token_issued_at` datetime DEFAULT NULL,
  `access_token_expires_at` datetime DEFAULT NULL,
  `access_token_metadata` varchar(2000) DEFAULT NULL,
  `access_token_type` varchar(100) DEFAULT NULL,
  `access_token_scopes` varchar(1000) DEFAULT NULL,
  `oidc_id_token_value` blob,
  `oidc_id_token_issued_at` datetime DEFAULT NULL,
  `oidc_id_token_expires_at` datetime DEFAULT NULL,
  `oidc_id_token_metadata` varchar(2000) DEFAULT NULL,
  `refresh_token_value` blob,
  `refresh_token_issued_at` datetime DEFAULT NULL,
  `refresh_token_expires_at` datetime DEFAULT NULL,
  `refresh_token_metadata` varchar(2000) DEFAULT NULL,
  PRIMARY KEY (`id`)
) ENGINE=InnoDB DEFAULT CHARSET=utf8mb4;

-- ----------------------------
-- Records of oauth2_authorization
-- ----------------------------
BEGIN;
INSERT INTO `oauth2_authorization` VALUES ('0360cd9f-f02d-4e33-9fd4-a73599694de3', 'ingot', 'admin', 'password', 'message.read,message.write', '{\"@class\":\"java.util.Collections$UnmodifiableMap\",\"java.security.Principal\":{\"@class\":\"com.ingot.framework.security.oauth2.server.authorization.authentication.OAuth2UserDetailsAuthenticationToken\",\"authorities\":[\"java.util.Collections$UnmodifiableRandomAccessList\",[{\"@class\":\"com.ingot.framework.security.core.authority.ClientGrantedAuthority\",\"authority\":\"CLIENT_CLIENT_CLIENT_CLIENT_ingot\"},{\"@class\":\"org.springframework.security.core.authority.SimpleGrantedAuthority\",\"authority\":\"basic\"},{\"@class\":\"org.springframework.security.core.authority.SimpleGrantedAuthority\",\"authority\":\"role_admin\"}]],\"details\":null,\"authenticated\":true,\"principal\":{\"@class\":\"com.ingot.framework.security.core.userdetails.IngotUser\",\"username\":\"admin\",\"authorities\":[\"java.util.Collections$UnmodifiableSet\",[{\"@class\":\"com.ingot.framework.security.core.authority.ClientGrantedAuthority\",\"authority\":\"CLIENT_CLIENT_CLIENT_CLIENT_ingot\"},{\"@class\":\"org.springframework.security.core.authority.SimpleGrantedAuthority\",\"authority\":\"basic\"},{\"@class\":\"org.springframework.security.core.authority.SimpleGrantedAuthority\",\"authority\":\"role_admin\"}]],\"id\":1,\"deptId\":1,\"tenantId\":1,\"clientId\":\"ingot\",\"tokenAuthType\":\"0\"},\"credentials\":null,\"name\":\"admin\"}}', NULL, NULL, NULL, NULL, NULL, 0x65794A72615751694F6949784D6A41314E325A694E53316A4D5745334C54517A596A497459546C6C5A43316A4D444D335A6A45354D574D7A595459694C434A68624763694F694A53557A49314E694A392E65794A7A645749694F694A685A47317062694973496D46315A434936496D6C755A32393049697769626D4A6D496A6F784E6A63324F4441794E6A6B314C434A30595851694F6949774969776963324E76634755694F6C7369636D39735A5639685A47317062694973496D316C63334E685A325575636D56685A434973496D4A6863326C6A496977696257567A6332466E5A533533636D6C305A534A644C434A7063334D694F694A6F644852774F6938766157356E62335174595856306143317A5A584A325A5849364E5445774D434973496D6B694F6A4573496D526C634851694F6A4573496D5634634349364D5459334E6A67774F5467354E53776961574630496A6F784E6A63324F4441794E6A6B314C434A305A573568626E51694F6A46392E4978792D68446C4666416747676776757A653061474950384B6B6E7332793471706E4E5563392D784366484F664D2D3468445279477954324B304B434A564C5F5F347A73365562664733736448415473537A49416339494F66336A77455056633430674D6F65543176756668576331686742784749617572597351316A68667564536B716E4D596A394B792D45456A645F765030564C7143565235754C483375524C534D305152366965446D394F346569556A46444F5747473564734A706C6C6D526869714F79304B57345957365468737762554B67455F525944755F31546357673161355F5A377446507A2D3144324C465A6C43445848526636723476665A424A675A6F375842705772726974474D7A386B5751366C464B7039744E4E344C7130312D6F695A61623976424F2D6945645A57386A774B707361454A69346E785543543676685449355A705A7976476379335F4B7A41, '2023-02-19 18:31:35', '2023-02-19 20:31:35', '{\"@class\":\"java.util.Collections$UnmodifiableMap\",\"metadata.token.claims\":{\"@class\":\"java.util.Collections$UnmodifiableMap\",\"sub\":\"admin\",\"aud\":[\"java.util.Collections$SingletonList\",[\"ingot\"]],\"nbf\":[\"java.time.Instant\",1676802695.139000000],\"tat\":\"0\",\"scope\":[\"java.util.HashSet\",[\"role_admin\",\"message.read\",\"basic\",\"message.write\"]],\"iss\":[\"java.net.URL\",\"http://ingot-auth-server:5100\"],\"i\":[\"java.lang.Long\",1],\"dept\":[\"java.lang.Long\",1],\"exp\":[\"java.time.Instant\",1676809895.139000000],\"iat\":[\"java.time.Instant\",1676802695.139000000],\"tenant\":[\"java.lang.Long\",1]},\"metadata.token.invalidated\":false}', 'Bearer', 'message.read,message.write', NULL, NULL, NULL, NULL, 0x36727733726E6F7943447070696C484831597263775661795A6459624F67735370566A514F49734B66666E64757A71334C65785A386653796C30414D447464736F6C595778544D6D4C76336D4C794F7752464468444E4870346E72353857546A43306D46585066495A467370453442774A347A75595572774564747530496E74, '2023-02-19 18:31:35', '2023-02-26 18:31:35', '{\"@class\":\"java.util.Collections$UnmodifiableMap\",\"metadata.token.invalidated\":false}');
INSERT INTO `oauth2_authorization` VALUES ('29cbe0e2-426f-4fb7-8624-9757b2862d37', 'ingot', 'admin', 'password', 'message.read,message.write', '{\"@class\":\"java.util.Collections$UnmodifiableMap\",\"java.security.Principal\":{\"@class\":\"com.ingot.framework.security.oauth2.server.authorization.authentication.OAuth2UserDetailsAuthenticationToken\",\"authorities\":[\"java.util.Collections$UnmodifiableRandomAccessList\",[{\"@class\":\"com.ingot.framework.security.core.authority.ClientGrantedAuthority\",\"authority\":\"CLIENT_ingot\"},{\"@class\":\"org.springframework.security.core.authority.SimpleGrantedAuthority\",\"authority\":\"basic\"},{\"@class\":\"org.springframework.security.core.authority.SimpleGrantedAuthority\",\"authority\":\"role_admin\"}]],\"details\":null,\"authenticated\":true,\"principal\":{\"@class\":\"com.ingot.framework.security.core.userdetails.IngotUser\",\"username\":\"admin\",\"authorities\":[\"java.util.Collections$UnmodifiableSet\",[{\"@class\":\"com.ingot.framework.security.core.authority.ClientGrantedAuthority\",\"authority\":\"CLIENT_ingot\"},{\"@class\":\"org.springframework.security.core.authority.SimpleGrantedAuthority\",\"authority\":\"basic\"},{\"@class\":\"org.springframework.security.core.authority.SimpleGrantedAuthority\",\"authority\":\"role_admin\"}]],\"id\":1,\"deptId\":1,\"tenantId\":1,\"clientId\":\"ingot\",\"tokenAuthType\":\"0\"},\"credentials\":null,\"name\":\"admin\"}}', NULL, NULL, NULL, NULL, NULL, 0x65794A72615751694F694A6B4E5759794E446B325A4331685A574E694C54526D4D7A4D744F57497A4D5331684D7A49355A5746694D54426D5A6A59694C434A68624763694F694A53557A49314E694A392E65794A7A645749694F694A685A47317062694973496D46315A434936496D6C755A32393049697769626D4A6D496A6F784E6A63794D7A67354E7A59334C434A30595851694F6949774969776963324E76634755694F6C7369636D39735A5639685A47317062694973496D316C63334E685A325575636D56685A434973496D4A6863326C6A496977696257567A6332466E5A533533636D6C305A534A644C434A7063334D694F694A6F644852774F6938766157356E62335174595856306143317A5A584A325A5849364E5445774D434973496D6B694F6A4573496D526C634851694F6A4573496D5634634349364D5459334D6A4D354E6A6B324E79776961574630496A6F784E6A63794D7A67354E7A59334C434A305A573568626E51694F6A46392E4A4E48307A6C4B4871736C4B50474C6868684B706577574638474C6542775A313936426371693134392D556B4457306F4254764A794F71526F49552D6F2D30566D70344466526955783044584D464B726D4376474B766934313678796747764353584B457644306F2D6D50714C686C52575039384E744167414D667331716267364D623168316B45325F32585775665F674D4D742D39326F714D43373453633754766552444D4B423451784174704A637130416A4246594733315A72507A475F67396478614D50536854562D6C7748796F3059685F6B5479317561416B7A56384E666F334462494B576E315543415A7778664456504467316972497268627161567A554F6C4331656D3857496E463634396D5056385636396564686847546A52785365466F6143416149634232686E766A445F584959665F316364726E5837304D4969554432724F5A6F386C73396534485472304977, '2022-12-30 16:42:48', '2022-12-30 18:42:48', '{\"@class\":\"java.util.Collections$UnmodifiableMap\",\"metadata.token.claims\":{\"@class\":\"java.util.Collections$UnmodifiableMap\",\"sub\":\"admin\",\"aud\":[\"java.util.Collections$SingletonList\",[\"ingot\"]],\"nbf\":[\"java.time.Instant\",1672389767.897000000],\"tat\":\"0\",\"scope\":[\"java.util.HashSet\",[\"role_admin\",\"message.read\",\"basic\",\"message.write\"]],\"iss\":[\"java.net.URL\",\"http://ingot-auth-server:5100\"],\"i\":[\"java.lang.Long\",1],\"dept\":[\"java.lang.Long\",1],\"exp\":[\"java.time.Instant\",1672396967.897000000],\"iat\":[\"java.time.Instant\",1672389767.897000000],\"tenant\":[\"java.lang.Long\",1]},\"metadata.token.invalidated\":false}', 'Bearer', 'message.read,message.write', NULL, NULL, NULL, NULL, 0x6454664245746E6952797458313376512D56374C52756D75497A366F6462426175695355463944547065645A685A6C52432D64787645694B61557272422D4E3743503879785534524B7248504D687936734E767336695F6A5546516D6E4665615A4846724176575A55382D6F4B4C6D37534B584E4C5F50615730323044663877, '2022-12-30 16:42:48', '2023-01-06 16:42:48', '{\"@class\":\"java.util.Collections$UnmodifiableMap\",\"metadata.token.invalidated\":false}');
INSERT INTO `oauth2_authorization` VALUES ('4210bd94-cf94-4885-b2a9-7dd7b9fe8a2c', 'ingot', 'admin', 'password', 'message.read,message.write', '{\"@class\":\"java.util.Collections$UnmodifiableMap\",\"java.security.Principal\":{\"@class\":\"com.ingot.framework.security.oauth2.server.authorization.authentication.OAuth2UserDetailsAuthenticationToken\",\"authorities\":[\"java.util.Collections$UnmodifiableRandomAccessList\",[{\"@class\":\"com.ingot.framework.security.core.authority.ClientGrantedAuthority\",\"authority\":\"CLIENT_CLIENT_CLIENT_CLIENT_CLIENT_CLIENT_CLIENT_CLIENT_CLIENT_CLIENT_CLIENT_ingot\"},{\"@class\":\"org.springframework.security.core.authority.SimpleGrantedAuthority\",\"authority\":\"basic\"},{\"@class\":\"org.springframework.security.core.authority.SimpleGrantedAuthority\",\"authority\":\"role_admin\"}]],\"details\":null,\"authenticated\":true,\"principal\":{\"@class\":\"com.ingot.framework.security.core.userdetails.IngotUser\",\"username\":\"admin\",\"authorities\":[\"java.util.Collections$UnmodifiableSet\",[{\"@class\":\"com.ingot.framework.security.core.authority.ClientGrantedAuthority\",\"authority\":\"CLIENT_CLIENT_CLIENT_CLIENT_CLIENT_CLIENT_CLIENT_CLIENT_CLIENT_CLIENT_CLIENT_ingot\"},{\"@class\":\"org.springframework.security.core.authority.SimpleGrantedAuthority\",\"authority\":\"basic\"},{\"@class\":\"org.springframework.security.core.authority.SimpleGrantedAuthority\",\"authority\":\"role_admin\"}]],\"id\":1,\"deptId\":1,\"tenantId\":1,\"clientId\":\"ingot\",\"tokenAuthType\":\"0\"},\"credentials\":null,\"name\":\"admin\"}}', NULL, NULL, NULL, NULL, NULL, 0x65794A72615751694F6949784D6A41314E325A694E53316A4D5745334C54517A596A497459546C6C5A43316A4D444D335A6A45354D574D7A595459694C434A68624763694F694A53557A49314E694A392E65794A7A645749694F694A685A47317062694973496D46315A434936496D6C755A32393049697769626D4A6D496A6F784E6A63324E544D354F544D774C434A30595851694F6949774969776963324E76634755694F6C7369636D39735A5639685A47317062694973496D316C63334E685A325575636D56685A434973496D4A6863326C6A496977696257567A6332466E5A533533636D6C305A534A644C434A7063334D694F694A6F644852774F6938766157356E62335174595856306143317A5A584A325A5849364E5445774D434973496D6B694F6A4573496D526C634851694F6A4573496D5634634349364D5459334E6A55304E7A457A4D43776961574630496A6F784E6A63324E544D354F544D774C434A305A573568626E51694F6A46392E533858446B445F6631716A756950374749676E5A623553646A4E3976747467353557394E4230755F517631473675347571316B64437755547947666F6F5A725261585759632D717433476F4651576749536135723770446C42706A68452D70787A624C596A433955685571653068676A4E704D4A6C77777352555A7847395661324471344F4A6B3170304F77346353357457655464795F34464D754B70416B50343061387966435A5950394B6D4930745A4C575866716C6E6344747251414566522D5935697650456232424C30416261526B3233627348322D34434B355949664F436F6339726159734E426934784976786B666E53433031503856464446736E69567A4F4C716D4A43526557734B4F4779782D4633306153697647586F32617632725362524B7A77314E70745A646B576B646F366461626750334532386874595F6464436758764369535579376F6A617130697A7451, '2023-02-16 17:32:10', '2023-02-16 19:32:10', '{\"@class\":\"java.util.Collections$UnmodifiableMap\",\"metadata.token.claims\":{\"@class\":\"java.util.Collections$UnmodifiableMap\",\"sub\":\"admin\",\"aud\":[\"java.util.Collections$SingletonList\",[\"ingot\"]],\"nbf\":[\"java.time.Instant\",1676539930.043000000],\"tat\":\"0\",\"scope\":[\"java.util.HashSet\",[\"role_admin\",\"message.read\",\"basic\",\"message.write\"]],\"iss\":[\"java.net.URL\",\"http://ingot-auth-server:5100\"],\"i\":[\"java.lang.Long\",1],\"dept\":[\"java.lang.Long\",1],\"exp\":[\"java.time.Instant\",1676547130.043000000],\"iat\":[\"java.time.Instant\",1676539930.043000000],\"tenant\":[\"java.lang.Long\",1]},\"metadata.token.invalidated\":false}', 'Bearer', 'message.read,message.write', NULL, NULL, NULL, NULL, 0x7177613135754E63383378454373706A574E446F6C4F59655F6136765A727648674A684C566A376934476D6261727276314F6B6F4E3165486D6E6755504867707A66696A7A3279775871357A334B306C4C394D3067666834795A7A43774D546631516E3430425138476B4B4269414A54546B68737935633555454B377A6C555A, '2023-02-16 17:32:10', '2023-02-23 17:32:10', '{\"@class\":\"java.util.Collections$UnmodifiableMap\",\"metadata.token.invalidated\":false}');
INSERT INTO `oauth2_authorization` VALUES ('5037f947-434c-40f8-a4fe-4cfb2575d0dd', 'ingot', 'admin', 'password', 'message.read,message.write', '{\"@class\":\"java.util.Collections$UnmodifiableMap\",\"java.security.Principal\":{\"@class\":\"com.ingot.framework.security.oauth2.server.authorization.authentication.OAuth2UserDetailsAuthenticationToken\",\"authorities\":[\"java.util.Collections$UnmodifiableRandomAccessList\",[{\"@class\":\"com.ingot.framework.security.core.authority.ClientGrantedAuthority\",\"authority\":\"CLIENT_ingot\"},{\"@class\":\"org.springframework.security.core.authority.SimpleGrantedAuthority\",\"authority\":\"basic\"},{\"@class\":\"org.springframework.security.core.authority.SimpleGrantedAuthority\",\"authority\":\"role_admin\"}]],\"details\":null,\"authenticated\":true,\"principal\":{\"@class\":\"com.ingot.framework.security.core.userdetails.IngotUser\",\"username\":\"admin\",\"authorities\":[\"java.util.Collections$UnmodifiableSet\",[{\"@class\":\"com.ingot.framework.security.core.authority.ClientGrantedAuthority\",\"authority\":\"CLIENT_ingot\"},{\"@class\":\"org.springframework.security.core.authority.SimpleGrantedAuthority\",\"authority\":\"basic\"},{\"@class\":\"org.springframework.security.core.authority.SimpleGrantedAuthority\",\"authority\":\"role_admin\"}]],\"id\":1,\"deptId\":1,\"tenantId\":1,\"clientId\":\"ingot\",\"tokenAuthType\":\"0\"},\"credentials\":null,\"name\":\"admin\"}}', NULL, NULL, NULL, NULL, NULL, 0x65794A72615751694F694A6B4E5759794E446B325A4331685A574E694C54526D4D7A4D744F57497A4D5331684D7A49355A5746694D54426D5A6A59694C434A68624763694F694A53557A49314E694A392E65794A7A645749694F694A685A47317062694973496D46315A434936496D6C755A32393049697769626D4A6D496A6F784E6A63794D7A67354D546B7A4C434A30595851694F6949774969776963324E76634755694F6C7369636D39735A5639685A47317062694973496D316C63334E685A325575636D56685A434973496D4A6863326C6A496977696257567A6332466E5A533533636D6C305A534A644C434A7063334D694F694A6F644852774F6938766157356E62335174595856306143317A5A584A325A5849364E5445774D434973496D6B694F6A4573496D526C634851694F6A4573496D5634634349364D5459334D6A4D354E6A4D354D79776961574630496A6F784E6A63794D7A67354D546B7A4C434A305A573568626E51694F6A46392E56744650434C6B7171793337512D73792D34622D6A3058627644655968554B5A633643774457744B2D5F72776C56774E50506159554363514379463576596F3977304970496E505F6E676737414D3972673432756D65616D54734D48627943474C475673335F474C4E59346B464F3542434C6959564664614D396B4A3935577265466D585F54704B7A6768365870324B697A59515539316B514665757A787A6657385A445474744D5065364478455931682D704E5F5F46546C485A7165556D5F527779676D4B50514645796E72565747626549315478477243374274584578416C3550795641376B325250733363305533656A4664306D7959554B4669333366754A4F4D746F5A58583273707239324A33634B556B467171396B4A4D494258526F4D50706E3448465655794B4C66626230356B762D42483949766949546B454B4D6E64353335784E4D346E564753595835304C553167, '2022-12-30 16:33:13', '2022-12-30 18:33:13', '{\"@class\":\"java.util.Collections$UnmodifiableMap\",\"metadata.token.claims\":{\"@class\":\"java.util.Collections$UnmodifiableMap\",\"sub\":\"admin\",\"aud\":[\"java.util.Collections$SingletonList\",[\"ingot\"]],\"nbf\":[\"java.time.Instant\",1672389193.214000000],\"tat\":\"0\",\"scope\":[\"java.util.HashSet\",[\"role_admin\",\"message.read\",\"basic\",\"message.write\"]],\"iss\":[\"java.net.URL\",\"http://ingot-auth-server:5100\"],\"i\":[\"java.lang.Long\",1],\"dept\":[\"java.lang.Long\",1],\"exp\":[\"java.time.Instant\",1672396393.214000000],\"iat\":[\"java.time.Instant\",1672389193.214000000],\"tenant\":[\"java.lang.Long\",1]},\"metadata.token.invalidated\":false}', 'Bearer', 'message.read,message.write', NULL, NULL, NULL, NULL, 0x6854356B61713069426854326F345A4D506C732D6B584B39366A655A4D59446973364E4262615739757A39314659514B4B6E72304C6232652D6B73636C44614C723434574F7959506665383747515462655F3241595359385A626376444B7641456A585A70726972446F564A4F7755394C5165695A725879536E4734524A6453, '2022-12-30 16:33:13', '2023-01-06 16:33:13', '{\"@class\":\"java.util.Collections$UnmodifiableMap\",\"metadata.token.invalidated\":false}');
INSERT INTO `oauth2_authorization` VALUES ('6794f185-467d-4ea1-ab53-524d3a7267dc', 'ingot', 'admin', 'password', 'message.read,message.write', '{\"@class\":\"java.util.Collections$UnmodifiableMap\",\"java.security.Principal\":{\"@class\":\"com.ingot.framework.security.oauth2.server.authorization.authentication.OAuth2UserDetailsAuthenticationToken\",\"authorities\":[\"java.util.Collections$UnmodifiableRandomAccessList\",[{\"@class\":\"com.ingot.framework.security.core.authority.ClientGrantedAuthority\",\"authority\":\"CLIENT_ingot\"},{\"@class\":\"org.springframework.security.core.authority.SimpleGrantedAuthority\",\"authority\":\"basic\"},{\"@class\":\"org.springframework.security.core.authority.SimpleGrantedAuthority\",\"authority\":\"role_admin\"}]],\"details\":null,\"authenticated\":true,\"principal\":{\"@class\":\"com.ingot.framework.security.core.userdetails.IngotUser\",\"username\":\"admin\",\"authorities\":[\"java.util.Collections$UnmodifiableSet\",[{\"@class\":\"com.ingot.framework.security.core.authority.ClientGrantedAuthority\",\"authority\":\"CLIENT_ingot\"},{\"@class\":\"org.springframework.security.core.authority.SimpleGrantedAuthority\",\"authority\":\"basic\"},{\"@class\":\"org.springframework.security.core.authority.SimpleGrantedAuthority\",\"authority\":\"role_admin\"}]],\"id\":1,\"deptId\":1,\"tenantId\":1,\"clientId\":\"ingot\",\"tokenAuthType\":\"0\"},\"credentials\":null,\"name\":\"admin\"}}', NULL, NULL, NULL, NULL, NULL, 0x65794A72615751694F694A6B4E5759794E446B325A4331685A574E694C54526D4D7A4D744F57497A4D5331684D7A49355A5746694D54426D5A6A59694C434A68624763694F694A53557A49314E694A392E65794A7A645749694F694A685A47317062694973496D46315A434936496D6C755A32393049697769626D4A6D496A6F784E6A63794D7A67354E6A45774C434A30595851694F6949774969776963324E76634755694F6C7369636D39735A5639685A47317062694973496D316C63334E685A325575636D56685A434973496D4A6863326C6A496977696257567A6332466E5A533533636D6C305A534A644C434A7063334D694F694A6F644852774F6938766157356E62335174595856306143317A5A584A325A5849364E5445774D434973496D6B694F6A4573496D526C634851694F6A4573496D5634634349364D5459334D6A4D354E6A67784D43776961574630496A6F784E6A63794D7A67354E6A45774C434A305A573568626E51694F6A46392E5859547034374A3165784E574F35625F5A4B4E357666666E686269644A51302D4E73694E4E3631686736766D4E676E487A545042767759523530736C516E6D386276383230547437434A6147336735393470585F745A623568554E48357A534679687570526B5333373932506164722D6A5F684A427076644553416F3446314736527A546B47397842594A36786D6C72443447624E315831385536426F684E623755396A6F3431694246725039485437685139726A7961614B5F736141633271614D744B476C4850356E527736774E512D2D6F654530366B6E4D5166452D3555564B7253306931445F3354424D6766476430586F57447268326C703479755455423455546662674D5F656E7A574369546B546B334137664F744C35656378414F7863564731776C386B636A6B4866414E4362653250786F59554658455750482D705A364E546455746D5736494E4F61435A5943637051, '2022-12-30 16:40:11', '2022-12-30 18:40:11', '{\"@class\":\"java.util.Collections$UnmodifiableMap\",\"metadata.token.claims\":{\"@class\":\"java.util.Collections$UnmodifiableMap\",\"sub\":\"admin\",\"aud\":[\"java.util.Collections$SingletonList\",[\"ingot\"]],\"nbf\":[\"java.time.Instant\",1672389610.861000000],\"tat\":\"0\",\"scope\":[\"java.util.HashSet\",[\"role_admin\",\"message.read\",\"basic\",\"message.write\"]],\"iss\":[\"java.net.URL\",\"http://ingot-auth-server:5100\"],\"i\":[\"java.lang.Long\",1],\"dept\":[\"java.lang.Long\",1],\"exp\":[\"java.time.Instant\",1672396810.861000000],\"iat\":[\"java.time.Instant\",1672389610.861000000],\"tenant\":[\"java.lang.Long\",1]},\"metadata.token.invalidated\":false}', 'Bearer', 'message.read,message.write', NULL, NULL, NULL, NULL, 0x437969704A3130433959514576555A743035474144443763714F5F3367536C4D73704437372D6B626A4A754E5534394D43794866684F486A6272305166436476346D59427957446D73765871695A466E47504C5A446F4C4E7247725643396A6856453748394D4B6A455538464A383939677155496B784572655642497A585350, '2022-12-30 16:40:11', '2023-01-06 16:40:11', '{\"@class\":\"java.util.Collections$UnmodifiableMap\",\"metadata.token.invalidated\":false}');
INSERT INTO `oauth2_authorization` VALUES ('78391a25-9bbe-4aea-91b1-3bb8aebe2fef', 'ingot', 'admin', 'password', 'message.read,message.write', '{\"@class\":\"java.util.Collections$UnmodifiableMap\",\"java.security.Principal\":{\"@class\":\"com.ingot.framework.security.oauth2.server.authorization.authentication.OAuth2UserDetailsAuthenticationToken\",\"authorities\":[\"java.util.Collections$UnmodifiableRandomAccessList\",[{\"@class\":\"com.ingot.framework.security.core.authority.ClientGrantedAuthority\",\"authority\":\"CLIENT_ingot\"},{\"@class\":\"org.springframework.security.core.authority.SimpleGrantedAuthority\",\"authority\":\"basic\"},{\"@class\":\"org.springframework.security.core.authority.SimpleGrantedAuthority\",\"authority\":\"role_admin\"}]],\"details\":null,\"authenticated\":true,\"principal\":{\"@class\":\"com.ingot.framework.security.core.userdetails.IngotUser\",\"username\":\"admin\",\"authorities\":[\"java.util.Collections$UnmodifiableSet\",[{\"@class\":\"com.ingot.framework.security.core.authority.ClientGrantedAuthority\",\"authority\":\"CLIENT_ingot\"},{\"@class\":\"org.springframework.security.core.authority.SimpleGrantedAuthority\",\"authority\":\"basic\"},{\"@class\":\"org.springframework.security.core.authority.SimpleGrantedAuthority\",\"authority\":\"role_admin\"}]],\"id\":1,\"deptId\":1,\"tenantId\":1,\"clientId\":\"ingot\",\"tokenAuthType\":\"0\"},\"credentials\":null,\"name\":\"admin\"}}', NULL, NULL, NULL, NULL, NULL, 0x65794A72615751694F694A6B4E5759794E446B325A4331685A574E694C54526D4D7A4D744F57497A4D5331684D7A49355A5746694D54426D5A6A59694C434A68624763694F694A53557A49314E694A392E65794A7A645749694F694A685A47317062694973496D46315A434936496D6C755A32393049697769626D4A6D496A6F784E6A63324D7A51784D7A6B774C434A30595851694F6949774969776963324E76634755694F6C7369636D39735A5639685A47317062694973496D316C63334E685A325575636D56685A434973496D4A6863326C6A496977696257567A6332466E5A533533636D6C305A534A644C434A7063334D694F694A6F644852774F6938766157356E62335174595856306143317A5A584A325A5849364E5445774D434973496D6B694F6A4573496D526C634851694F6A4573496D5634634349364D5459334E6A4D304F4455354D43776961574630496A6F784E6A63324D7A51784D7A6B774C434A305A573568626E51694F6A46392E6268705A377A766A4237566D39515844467850515A336B697068396E49615343677379544554453159465139315F5F5A324A746C644E464D52535654596A386635746D433850646F4D4B6C534B704C68787A4C386D3830484F6A712D67755448794A536B6269696C664F553156596F486233575166687342426530694D4846485A354467336F7354493353567857754857745377765A366950614A37734473636E374477566F586B794239646C303453366C41445F453675794E587A395F6C58797A43714130413753784E4F522D5633647633623279613568434841343063324B3562746C6B4551376F36346D6E51493044744C755F5355466E7A31536D476B5132364F4C7335704675305F7A384867507742516D3961695837796936326D6164334C6272653858505435614E6173706E34322D6C6B5955575F54584861784B436B546A78596E4A45696C7753556E65306351547467, '2023-02-14 10:23:10', '2023-02-14 12:23:10', '{\"@class\":\"java.util.Collections$UnmodifiableMap\",\"metadata.token.claims\":{\"@class\":\"java.util.Collections$UnmodifiableMap\",\"sub\":\"admin\",\"aud\":[\"java.util.Collections$SingletonList\",[\"ingot\"]],\"nbf\":[\"java.time.Instant\",1676341390.166000000],\"tat\":\"0\",\"scope\":[\"java.util.HashSet\",[\"role_admin\",\"message.read\",\"basic\",\"message.write\"]],\"iss\":[\"java.net.URL\",\"http://ingot-auth-server:5100\"],\"i\":[\"java.lang.Long\",1],\"dept\":[\"java.lang.Long\",1],\"exp\":[\"java.time.Instant\",1676348590.166000000],\"iat\":[\"java.time.Instant\",1676341390.166000000],\"tenant\":[\"java.lang.Long\",1]},\"metadata.token.invalidated\":false}', 'Bearer', 'message.read,message.write', NULL, NULL, NULL, NULL, 0x3452666557747543776453334E5A7172355F645958544679776E4E4276646B6C6A7472745A7A53526D554F436D33334265686C4D7461735158746C724D6349354B744C714A534E47467057794C444D59585778597373654B3535625777707666686E355A697063325062574E64516278746C45506646744E71746E6D42314E67, '2023-02-14 10:23:10', '2023-02-21 10:23:10', '{\"@class\":\"java.util.Collections$UnmodifiableMap\",\"metadata.token.invalidated\":false}');
INSERT INTO `oauth2_authorization` VALUES ('dd6e26b9-abbb-4f2a-8faf-1c7e5aa9563f', 'ingot', 'admin', 'password', 'message.read,message.write', '{\"@class\":\"java.util.Collections$UnmodifiableMap\",\"java.security.Principal\":{\"@class\":\"com.ingot.framework.security.oauth2.server.authorization.authentication.OAuth2UserDetailsAuthenticationToken\",\"authorities\":[\"java.util.Collections$UnmodifiableRandomAccessList\",[{\"@class\":\"com.ingot.framework.security.core.authority.ClientGrantedAuthority\",\"authority\":\"CLIENT_ingot\"},{\"@class\":\"org.springframework.security.core.authority.SimpleGrantedAuthority\",\"authority\":\"basic\"},{\"@class\":\"org.springframework.security.core.authority.SimpleGrantedAuthority\",\"authority\":\"role_admin\"}]],\"details\":null,\"authenticated\":true,\"principal\":{\"@class\":\"com.ingot.framework.security.core.userdetails.IngotUser\",\"username\":\"admin\",\"authorities\":[\"java.util.Collections$UnmodifiableSet\",[{\"@class\":\"com.ingot.framework.security.core.authority.ClientGrantedAuthority\",\"authority\":\"CLIENT_ingot\"},{\"@class\":\"org.springframework.security.core.authority.SimpleGrantedAuthority\",\"authority\":\"basic\"},{\"@class\":\"org.springframework.security.core.authority.SimpleGrantedAuthority\",\"authority\":\"role_admin\"}]],\"id\":1,\"deptId\":1,\"tenantId\":1,\"clientId\":\"ingot\",\"tokenAuthType\":\"0\"},\"credentials\":null,\"name\":\"admin\"}}', NULL, NULL, NULL, NULL, NULL, 0x65794A72615751694F694A6B4E5759794E446B325A4331685A574E694C54526D4D7A4D744F57497A4D5331684D7A49355A5746694D54426D5A6A59694C434A68624763694F694A53557A49314E694A392E65794A7A645749694F694A685A47317062694973496D46315A434936496D6C755A32393049697769626D4A6D496A6F784E6A63794D7A6B774D6A67334C434A30595851694F6949774969776963324E76634755694F6C7369636D39735A5639685A47317062694973496D316C63334E685A325575636D56685A434973496D4A6863326C6A496977696257567A6332466E5A533533636D6C305A534A644C434A7063334D694F694A6F644852774F6938766157356E62335174595856306143317A5A584A325A5849364E5445774D434973496D6B694F6A4573496D526C634851694F6A4573496D5634634349364D5459334D6A4D354D444D774E79776961574630496A6F784E6A63794D7A6B774D6A67334C434A305A573568626E51694F6A46392E42524B4A635143636C4E716A57526852693377654E594341645873727759497874505745316334576B57335F7456496E3559694249726463506E416B3633563371474D5A587A6B677A4172763756745168396B4E6D59446731476F4F324D7674464C3578355F7643416633453543584A5F623051774B68643477364B466E3058445967517358436C4F757174506877506863714B775F613849666131656938656D5659576A67775A5162637459676F6B7A4A3165627A685F63516E41766F766158507337596C30566B45377477432D6C614B654E43413177323368326457537A6B445F32645664784D6C2D6251727452564A353341435749327849553169454E6F4C6C7456796862787863716B58424F6B51365A56754C53696934484648764D48506E7A53527068693363784250725566446F4C7039335064576B5F6A35773772762D6B4B78537A6F666A4B33365853725F616F3277, '2022-12-30 16:51:27', '2022-12-30 16:51:47', '{\"@class\":\"java.util.Collections$UnmodifiableMap\",\"metadata.token.claims\":{\"@class\":\"java.util.Collections$UnmodifiableMap\",\"sub\":\"admin\",\"aud\":[\"java.util.Collections$SingletonList\",[\"ingot\"]],\"nbf\":[\"java.time.Instant\",1672390287.202000000],\"tat\":\"0\",\"scope\":[\"java.util.HashSet\",[\"role_admin\",\"message.read\",\"basic\",\"message.write\"]],\"iss\":[\"java.net.URL\",\"http://ingot-auth-server:5100\"],\"i\":[\"java.lang.Long\",1],\"dept\":[\"java.lang.Long\",1],\"exp\":[\"java.time.Instant\",1672390307.202000000],\"iat\":[\"java.time.Instant\",1672390287.202000000],\"tenant\":[\"java.lang.Long\",1]},\"metadata.token.invalidated\":false}', 'Bearer', 'message.read,message.write', NULL, NULL, NULL, NULL, 0x5330772D684A4637304E4946656E5F5338757A2D6F5A364B4D4C66586E794941735241624858677A734436413139577445363831394670372D4634784B484D436D6C57626A4E4D7935695F325852703831517349794F7A776439646B526C4F5A78473571506C38615636374A3858735A6866715F52316A4F5A586C6B4E733669, '2022-12-30 16:51:27', '2023-01-06 16:51:27', '{\"@class\":\"java.util.Collections$UnmodifiableMap\",\"metadata.token.invalidated\":false}');
INSERT INTO `oauth2_authorization` VALUES ('e73db3a1-f9ad-47a8-9a12-fb3774a50722', 'ingot', 'admin', 'password', 'message.read,message.write', '{\"@class\":\"java.util.Collections$UnmodifiableMap\",\"java.security.Principal\":{\"@class\":\"com.ingot.framework.security.oauth2.server.authorization.authentication.OAuth2UserDetailsAuthenticationToken\",\"authorities\":[\"java.util.Collections$UnmodifiableRandomAccessList\",[{\"@class\":\"com.ingot.framework.security.core.authority.ClientGrantedAuthority\",\"authority\":\"CLIENT_ingot\"},{\"@class\":\"org.springframework.security.core.authority.SimpleGrantedAuthority\",\"authority\":\"basic\"},{\"@class\":\"org.springframework.security.core.authority.SimpleGrantedAuthority\",\"authority\":\"role_admin\"}]],\"details\":null,\"authenticated\":true,\"principal\":{\"@class\":\"com.ingot.framework.security.core.userdetails.IngotUser\",\"username\":\"admin\",\"authorities\":[\"java.util.Collections$UnmodifiableSet\",[{\"@class\":\"com.ingot.framework.security.core.authority.ClientGrantedAuthority\",\"authority\":\"CLIENT_ingot\"},{\"@class\":\"org.springframework.security.core.authority.SimpleGrantedAuthority\",\"authority\":\"basic\"},{\"@class\":\"org.springframework.security.core.authority.SimpleGrantedAuthority\",\"authority\":\"role_admin\"}]],\"id\":1,\"deptId\":1,\"tenantId\":1,\"clientId\":\"ingot\",\"tokenAuthType\":\"0\"},\"credentials\":null,\"name\":\"admin\"}}', NULL, NULL, NULL, NULL, NULL, 0x65794A72615751694F694A6B4E5759794E446B325A4331685A574E694C54526D4D7A4D744F57497A4D5331684D7A49355A5746694D54426D5A6A59694C434A68624763694F694A53557A49314E694A392E65794A7A645749694F694A685A47317062694973496D46315A434936496D6C755A32393049697769626D4A6D496A6F784E6A63794D7A6B774D5463354C434A30595851694F6949774969776963324E76634755694F6C7369636D39735A5639685A47317062694973496D316C63334E685A325575636D56685A434973496D4A6863326C6A496977696257567A6332466E5A533533636D6C305A534A644C434A7063334D694F694A6F644852774F6938766157356E62335174595856306143317A5A584A325A5849364E5445774D434973496D6B694F6A4573496D526C634851694F6A4573496D5634634349364D5459334D6A4D354D4445354F53776961574630496A6F784E6A63794D7A6B774D5463354C434A305A573568626E51694F6A46392E4B336565755374376D3243792D476F36354742454B77564968384673326E6F49446F79325730694737353448315569386C6A325866787435736C5334476F425831774F6151704E6C58796550364B5A63773734413072434A71626559584E646E754A487373765033686E52645950747469486B686D3265434D666D536B6E757348616939464277366E57796861514A44746771344C577474496C3569665F54457A7A614F50364F504A323953576C394F392D53735335306747474B45316E32676C522D6C4F326556614D65773977306D42554F2D31695462366E64695A39703265314366537A704579347861744C4D6D733549374741465573643755676530624263676D364F314271584A57766641675F756E6D792D666C5565365132414245666F5A6B64465855324E65703339715338532D79534674794952703532424E57457256565A7A54786E3673616D535346786451354341, '2022-12-30 16:49:40', '2022-12-30 16:50:00', '{\"@class\":\"java.util.Collections$UnmodifiableMap\",\"metadata.token.claims\":{\"@class\":\"java.util.Collections$UnmodifiableMap\",\"sub\":\"admin\",\"aud\":[\"java.util.Collections$SingletonList\",[\"ingot\"]],\"nbf\":[\"java.time.Instant\",1672390179.680000000],\"tat\":\"0\",\"scope\":[\"java.util.HashSet\",[\"role_admin\",\"message.read\",\"basic\",\"message.write\"]],\"iss\":[\"java.net.URL\",\"http://ingot-auth-server:5100\"],\"i\":[\"java.lang.Long\",1],\"dept\":[\"java.lang.Long\",1],\"exp\":[\"java.time.Instant\",1672390199.680000000],\"iat\":[\"java.time.Instant\",1672390179.680000000],\"tenant\":[\"java.lang.Long\",1]},\"metadata.token.invalidated\":false}', 'Bearer', 'message.read,message.write', NULL, NULL, NULL, NULL, 0x42455443464B5F48594C303950436356354546684636784E3878674D586B3877744E35587375577436354744556F72584E58516270765843767273564F3659386A4468525668794B7333445462746637454C4E6B6544345F462D6E7276517435535278673030794F396C725A64324D5065724C3061344449307671426E344933, '2022-12-30 16:49:40', '2023-01-06 16:49:40', '{\"@class\":\"java.util.Collections$UnmodifiableMap\",\"metadata.token.invalidated\":false}');
INSERT INTO `oauth2_authorization` VALUES ('ebc6b2c7-2eb2-4acf-a5af-fdcd98ea1adc', 'ingot', 'admin', 'password', 'message.read,message.write', '{\"@class\":\"java.util.Collections$UnmodifiableMap\",\"java.security.Principal\":{\"@class\":\"com.ingot.framework.security.oauth2.server.authorization.authentication.OAuth2UserDetailsAuthenticationToken\",\"authorities\":[\"java.util.Collections$UnmodifiableRandomAccessList\",[{\"@class\":\"com.ingot.framework.security.core.authority.ClientGrantedAuthority\",\"authority\":\"CLIENT_CLIENT_CLIENT_CLIENT_CLIENT_ingot\"},{\"@class\":\"org.springframework.security.core.authority.SimpleGrantedAuthority\",\"authority\":\"basic\"},{\"@class\":\"org.springframework.security.core.authority.SimpleGrantedAuthority\",\"authority\":\"role_admin\"}]],\"details\":null,\"authenticated\":true,\"principal\":{\"@class\":\"com.ingot.framework.security.core.userdetails.IngotUser\",\"username\":\"admin\",\"authorities\":[\"java.util.Collections$UnmodifiableSet\",[{\"@class\":\"com.ingot.framework.security.core.authority.ClientGrantedAuthority\",\"authority\":\"CLIENT_CLIENT_CLIENT_CLIENT_CLIENT_ingot\"},{\"@class\":\"org.springframework.security.core.authority.SimpleGrantedAuthority\",\"authority\":\"basic\"},{\"@class\":\"org.springframework.security.core.authority.SimpleGrantedAuthority\",\"authority\":\"role_admin\"}]],\"id\":1,\"deptId\":1,\"tenantId\":1,\"clientId\":\"ingot\",\"tokenAuthType\":\"0\"},\"credentials\":null,\"name\":\"admin\"}}', NULL, NULL, NULL, NULL, NULL, 0x65794A72615751694F694A6B4E5759794E446B325A4331685A574E694C54526D4D7A4D744F57497A4D5331684D7A49355A5746694D54426D5A6A59694C434A68624763694F694A53557A49314E694A392E65794A7A645749694F694A685A47317062694973496D46315A434936496D6C755A32393049697769626D4A6D496A6F784E6A63794E4441774E5441324C434A30595851694F6949774969776963324E76634755694F6C7369636D39735A5639685A47317062694973496D316C63334E685A325575636D56685A434973496D4A6863326C6A496977696257567A6332466E5A533533636D6C305A534A644C434A7063334D694F694A6F644852774F6938766157356E62335174595856306143317A5A584A325A5849364E5445774D434973496D6B694F6A4573496D526C634851694F6A4573496D5634634349364D5459334D6A51774E7A63774E69776961574630496A6F784E6A63794E4441774E5441324C434A305A573568626E51694F6A46392E68546A6D31702D5536644A4257536C79336B757955597572334445484445536379614445507849457A486555753230776358784C5358485A7953557767496F6932634D4156466679386A396D4D347444504F385450516C64362D32324B5F704F79654946494645684B734841687241446939534147613876477A724E65756634564F496A43384E5647466F4A59547652577469486653477167742D436E54505844687436436B5749524A4135634137723831716E6C5A693763514A5A714A66394A71305F795953434C34655F4A68576A6B6146436F4F6862467450696B6F345075455F42745069524F3041495867626C6157777A5F4F71414E316833363453565531584D514875376E457A5053537131586B76694838592D554A64314C356772367166356376695366547678537A3671514A66336D563258774B6C687750396B6D484C46484766677A37766230654A594A3351372D77, '2022-12-30 19:41:46', '2022-12-30 21:41:46', '{\"@class\":\"java.util.Collections$UnmodifiableMap\",\"metadata.token.claims\":{\"@class\":\"java.util.Collections$UnmodifiableMap\",\"sub\":\"admin\",\"aud\":[\"java.util.Collections$SingletonList\",[\"ingot\"]],\"nbf\":[\"java.time.Instant\",1672400506.425000000],\"tat\":\"0\",\"scope\":[\"java.util.HashSet\",[\"role_admin\",\"message.read\",\"basic\",\"message.write\"]],\"iss\":[\"java.net.URL\",\"http://ingot-auth-server:5100\"],\"i\":[\"java.lang.Long\",1],\"dept\":[\"java.lang.Long\",1],\"exp\":[\"java.time.Instant\",1672407706.425000000],\"iat\":[\"java.time.Instant\",1672400506.425000000],\"tenant\":[\"java.lang.Long\",1]},\"metadata.token.invalidated\":false}', 'Bearer', 'message.read,message.write', NULL, NULL, NULL, NULL, 0x6F526C746C4B71733442334451507A6B755A6562587866793535584E484C5F54717847746C536B3330353774415F36576659394B716A7868497A6546526A375F4F5158786F6A3230525461362D73567849543876436A76346F6E695946717176362D6873484E454A3275676E704C494E584E384A54736B596346543254376A79, '2022-12-30 19:41:46', '2023-01-06 19:41:46', '{\"@class\":\"java.util.Collections$UnmodifiableMap\",\"metadata.token.invalidated\":false}');
COMMIT;

-- ----------------------------
-- Table structure for oauth2_authorization_consent
-- ----------------------------
DROP TABLE IF EXISTS `oauth2_authorization_consent`;
CREATE TABLE `oauth2_authorization_consent` (
  `registered_client_id` varchar(100) NOT NULL,
  `principal_name` varchar(200) NOT NULL,
  `authorities` varchar(1000) NOT NULL,
  `tenant_id` int(11) unsigned NOT NULL DEFAULT '1' COMMENT '租户ID',
  PRIMARY KEY (`registered_client_id`,`principal_name`) USING BTREE
) ENGINE=InnoDB DEFAULT CHARSET=utf8mb4;

-- ----------------------------
-- Records of oauth2_authorization_consent
-- ----------------------------
BEGIN;
INSERT INTO `oauth2_authorization_consent` VALUES ('ingot', 'admin', 'SCOPE_message.read', 1);
COMMIT;

-- ----------------------------
-- Table structure for oauth2_registered_client
-- ----------------------------
DROP TABLE IF EXISTS `oauth2_registered_client`;
CREATE TABLE `oauth2_registered_client` (
  `id` varchar(100) NOT NULL COMMENT 'ID',
  `client_id` varchar(100) NOT NULL COMMENT '客户端ID',
  `client_id_issued_at` datetime NOT NULL COMMENT 'client id 发布时间',
  `client_secret` varchar(200) CHARACTER SET utf8 DEFAULT NULL COMMENT '客户端秘钥',
  `client_secret_expires_at` datetime DEFAULT NULL COMMENT '秘钥过期时间',
  `client_name` varchar(200) CHARACTER SET utf8 NOT NULL COMMENT '客户端名称',
  `client_authentication_methods` varchar(1000) CHARACTER SET utf8 NOT NULL DEFAULT ',' COMMENT '客户端认证方法',
  `authorization_grant_types` varchar(1000) CHARACTER SET utf8 NOT NULL COMMENT '客户端可以使用的授权类型',
  `redirect_uris` varchar(1000) CHARACTER SET utf8 DEFAULT NULL COMMENT '重定向URL',
  `scopes` varchar(1000) CHARACTER SET utf8 NOT NULL COMMENT '客户端的访问范围',
  `client_settings` varchar(2000) CHARACTER SET utf8 NOT NULL COMMENT '客户端设置',
  `token_settings` varchar(2000) CHARACTER SET utf8 NOT NULL COMMENT 'token设置',
  `tenant_id` int(11) NOT NULL DEFAULT '1' COMMENT '租户ID',
  `updated_at` datetime DEFAULT NULL COMMENT '更新日期',
  `deleted_at` datetime DEFAULT NULL COMMENT '删除日期',
  PRIMARY KEY (`id`),
  KEY `clientId` (`tenant_id`,`client_id`) USING BTREE COMMENT '客户端ID',
  KEY `clientName` (`tenant_id`,`client_name`) USING BTREE COMMENT '客户端名称',
  KEY `clientIdIssuedAt` (`client_id_issued_at`) USING BTREE COMMENT '发布时间'
) ENGINE=InnoDB DEFAULT CHARSET=utf8mb4;

-- ----------------------------
-- Records of oauth2_registered_client
-- ----------------------------
BEGIN;
INSERT INTO `oauth2_registered_client` VALUES ('ingot', 'ingot', '2020-11-20 15:57:29', '{noop}ingot', NULL, 'ingot-cloud', 'client_secret_basic', 'client_credentials,password,authorization_code,refresh_token', 'https://ingotcloud.com', 'message.read,message.write', '{\"@class\":\"java.util.Collections$UnmodifiableMap\",\"settings.client.require-authorization-consent\":true,\"ingot.settings.client.status\":\"0\",\"settings.client.require-proof-key\":false}', '{\"@class\":\"java.util.Collections$UnmodifiableMap\",\"settings.token.reuse-refresh-tokens\":false,\"settings.token.id-token-signature-algorithm\":[\"org.springframework.security.oauth2.jose.jws.SignatureAlgorithm\",\"RS256\"],\"settings.token.access-token-time-to-live\":[\"java.time.Duration\",7200.000000000],\"ingot.settings.token.auth-type\":\"0\",\"settings.token.access-token-format\":{\"@class\":\"org.springframework.security.oauth2.server.authorization.settings.OAuth2TokenFormat\",\"value\":\"self-contained\"},\"settings.token.refresh-token-time-to-live\":[\"java.time.Duration\",604800.000000000],\"settings.token.authorization-code-time-to-live\":[\"java.time.Duration\",300.000000000]}', 1, '2023-02-16 15:13:40', NULL);
COMMIT;

-- ----------------------------
-- Table structure for sys_authority
-- ----------------------------
DROP TABLE IF EXISTS `sys_authority`;
CREATE TABLE `sys_authority` (
  `id` bigint(20) unsigned NOT NULL COMMENT 'ID',
  `tenant_id` bigint(20) unsigned NOT NULL COMMENT '租户ID',
  `pid` bigint(20) unsigned NOT NULL DEFAULT '0' COMMENT '父ID',
  `name` varchar(32) NOT NULL COMMENT '权限名称',
  `code` varchar(128) NOT NULL COMMENT '权限编码',
  `status` char(1) CHARACTER SET utf8 NOT NULL DEFAULT '0' COMMENT '状态, 0:正常，9:禁用',
  `remark` varchar(255) CHARACTER SET utf8 DEFAULT '' COMMENT '备注',
  `created_at` datetime DEFAULT NULL COMMENT '创建日期',
  `updated_at` datetime DEFAULT NULL COMMENT '更新日期',
  `deleted_at` datetime DEFAULT NULL COMMENT '删除日期',
  PRIMARY KEY (`id`) USING BTREE,
  KEY `tenant-code` (`tenant_id`,`code`) USING BTREE COMMENT '编码'
) ENGINE=InnoDB DEFAULT CHARSET=utf8mb4;

-- ----------------------------
-- Records of sys_authority
-- ----------------------------
BEGIN;
INSERT INTO `sys_authority` VALUES (782647310861250562, 1, 0, '基础管理', 'basic', '0', '', '2022-12-18 16:27:01', NULL, NULL);
INSERT INTO `sys_authority` VALUES (782649986701373442, 1, 782647310861250562, '账户管理', 'basic.user', '0', '', '2022-12-18 16:37:39', '2023-02-14 09:25:39', NULL);
INSERT INTO `sys_authority` VALUES (782650056679141377, 1, 782647310861250562, '部门管理', 'basic.dept', '0', '', '2022-12-18 16:37:56', NULL, NULL);
INSERT INTO `sys_authority` VALUES (782650095858135041, 1, 782647310861250562, '角色管理', 'basic.role', '0', '', '2022-12-18 16:38:05', NULL, NULL);
INSERT INTO `sys_authority` VALUES (782650139818635265, 1, 782647310861250562, '租户管理', 'basic.tenant', '0', '', '2022-12-18 16:38:15', NULL, NULL);
INSERT INTO `sys_authority` VALUES (782650179794546690, 1, 782647310861250562, '菜单管理', 'basic.menu', '0', '', '2022-12-18 16:38:25', '2023-02-16 17:38:10', NULL);
INSERT INTO `sys_authority` VALUES (782650237604638722, 1, 782647310861250562, '权限管理', 'basic.authority', '0', '', '2022-12-18 16:38:39', '2022-12-26 21:10:14', NULL);
INSERT INTO `sys_authority` VALUES (782650307704041474, 1, 782647310861250562, '客户端管理', 'basic.client', '0', '', '2022-12-18 16:38:55', '2022-12-27 12:19:35', NULL);
INSERT INTO `sys_authority` VALUES (805471516535599106, 1, 782647310861250562, '社交管理', 'basic.social', '0', '', '2023-02-19 16:02:16', NULL, NULL);
COMMIT;

-- ----------------------------
-- Table structure for sys_dept
-- ----------------------------
DROP TABLE IF EXISTS `sys_dept`;
CREATE TABLE `sys_dept` (
  `id` bigint(20) unsigned NOT NULL COMMENT 'ID',
  `tenant_id` bigint(20) unsigned NOT NULL COMMENT '租户ID',
  `pid` bigint(20) unsigned NOT NULL DEFAULT '0' COMMENT '父ID',
  `name` varchar(50) NOT NULL COMMENT '部门名称',
  `scope` char(1) NOT NULL DEFAULT '0' COMMENT '部门角色范围, 0:当前部门，1:当前部门和直接子部门',
  `sort` int(11) NOT NULL DEFAULT '999' COMMENT '排序',
  `status` char(1) CHARACTER SET utf8 NOT NULL DEFAULT '0' COMMENT '状态, 0:正常，9:禁用',
  `created_at` datetime DEFAULT NULL COMMENT '创建日期',
  `updated_at` datetime DEFAULT NULL COMMENT '更新日期',
  `deleted_at` datetime DEFAULT NULL COMMENT '删除日期',
  PRIMARY KEY (`id`) USING BTREE,
  KEY `tenant` (`tenant_id`) USING BTREE COMMENT '租户'
) ENGINE=InnoDB DEFAULT CHARSET=utf8mb4;

-- ----------------------------
-- Records of sys_dept
-- ----------------------------
BEGIN;
INSERT INTO `sys_dept` VALUES (1, 1, 0, 'Ingot管理平台', '0', 1, '0', '2022-12-17 15:50:07', '2022-12-20 12:58:43', NULL);
INSERT INTO `sys_dept` VALUES (782235460805898241, 1, 0, '测试部门', '0', 10, '0', '2022-12-17 13:10:28', '2022-12-20 12:59:10', NULL);
INSERT INTO `sys_dept` VALUES (783319588905201665, 1, 782235460805898241, '测试子部门', '0', 10, '0', '2022-12-20 12:58:24', '2022-12-20 12:59:15', NULL);
COMMIT;

-- ----------------------------
-- Table structure for sys_menu
-- ----------------------------
DROP TABLE IF EXISTS `sys_menu`;
CREATE TABLE `sys_menu` (
  `id` bigint(20) unsigned NOT NULL COMMENT 'ID',
  `tenant_id` bigint(20) unsigned NOT NULL COMMENT '租户ID',
  `pid` bigint(20) NOT NULL DEFAULT '0' COMMENT '父ID',
  `name` varchar(32) NOT NULL COMMENT '菜单名称',
  `menu_type` char(1) NOT NULL COMMENT '菜单类型',
  `path` varchar(128) NOT NULL COMMENT '菜单url',
  `authority_id` bigint(20) NOT NULL DEFAULT '0' COMMENT '权限ID',
  `route_name` varchar(32) DEFAULT NULL COMMENT '命名路由',
  `view_path` varchar(128) DEFAULT NULL COMMENT '视图路径',
  `redirect` varchar(128) DEFAULT NULL COMMENT '重定向',
  `icon` varchar(64) DEFAULT NULL COMMENT '图标',
  `sort` int(11) NOT NULL DEFAULT '999' COMMENT '排序',
  `is_cache` tinyint(1) NOT NULL DEFAULT '0' COMMENT '是否缓存',
  `hidden` tinyint(1) NOT NULL DEFAULT '0' COMMENT '是否隐藏',
  `hide_breadcrumb` tinyint(1) NOT NULL DEFAULT '0' COMMENT '是否隐藏面包屑',
  `props` tinyint(1) NOT NULL DEFAULT '0' COMMENT '是否匹配props',
  `status` char(1) CHARACTER SET utf8 NOT NULL DEFAULT '0' COMMENT '状态, 0:正常，9:禁用',
  `created_at` datetime DEFAULT NULL COMMENT '创建日期',
  `updated_at` datetime DEFAULT NULL COMMENT '更新日期',
  `deleted_at` datetime DEFAULT NULL COMMENT '删除日期',
  PRIMARY KEY (`id`) USING BTREE,
  KEY `tenant-code` (`tenant_id`,`route_name`) USING BTREE COMMENT '编码'
) ENGINE=InnoDB DEFAULT CHARSET=utf8mb4;

-- ----------------------------
-- Records of sys_menu
-- ----------------------------
BEGIN;
INSERT INTO `sys_menu` VALUES (782579756306313217, 1, 0, '基础管理', '0', '/basic', 782647310861250562, 'Basic', '@/components/layout/InAppLayout.vue', '/basic/user', 'ingot:basic', 10, 0, 0, 0, 0, '0', '2022-12-18 11:58:35', '2022-12-27 20:46:33', NULL);
INSERT INTO `sys_menu` VALUES (782582623704494082, 1, 782579756306313217, '账户管理', '0', '/basic/user', 782649986701373442, 'BasicUser', '@/views/basic/user/UserLayout.vue', '/basic/user/list', NULL, 10, 0, 0, 0, 0, '0', '2022-12-18 12:09:58', '2023-02-14 09:24:44', NULL);
INSERT INTO `sys_menu` VALUES (782583360945696769, 1, 782579756306313217, '部门管理', '1', '/basic/dept', 782650056679141377, 'BasicDept', '@/views/basic/dept/DeptPage.vue', NULL, NULL, 12, 0, 0, 0, 0, '0', '2022-12-18 12:12:54', '2022-12-27 20:47:05', NULL);
INSERT INTO `sys_menu` VALUES (782583497235410945, 1, 782579756306313217, '角色管理', '0', '/basic/role', 782650095858135041, 'BasicRole', '@/views/basic/role/RoleLayout.vue', '/basic/role/list', NULL, 14, 0, 0, 0, 0, '0', '2022-12-18 12:13:27', '2022-12-27 20:47:13', NULL);
INSERT INTO `sys_menu` VALUES (782583633701285889, 1, 782583497235410945, '角色管理', '1', '/basic/role/list', 782650095858135041, 'BasicRoleList', '@/views/basic/role/home/RolePage.vue', NULL, NULL, 10, 0, 0, 0, 0, '0', '2022-12-18 12:13:59', '2022-12-27 20:47:20', NULL);
INSERT INTO `sys_menu` VALUES (782584241699205121, 1, 782579756306313217, '租户管理', '1', '/basic/tenant', 782650139818635265, 'BasicTenant', '@/views/basic/tenant/TenantPage.vue', NULL, NULL, 16, 0, 0, 0, 0, '0', '2022-12-18 12:16:24', '2022-12-27 20:48:45', NULL);
INSERT INTO `sys_menu` VALUES (782584370229456897, 1, 782579756306313217, '菜单管理', '1', '/basic/menu', 782650179794546690, 'BasicMenu', '@/views/basic/menu/MenuPage.vue', NULL, NULL, 18, 0, 0, 0, 0, '0', '2022-12-18 12:16:55', '2022-12-27 20:48:51', NULL);
INSERT INTO `sys_menu` VALUES (782586637955411969, 1, 782579756306313217, '权限管理', '0', '/basic/authority', 782650237604638722, 'BasicAuthority', '@/views/basic/authority/AuthorityLayout.vue', '/basic/authority/list', NULL, 20, 0, 0, 0, 0, '0', '2022-12-18 12:25:55', '2022-12-27 20:48:59', NULL);
INSERT INTO `sys_menu` VALUES (782586740736831489, 1, 782586637955411969, '权限管理', '1', '/basic/authority/list', 782650237604638722, 'BasicAuthorityList', '@/views/basic/authority/home/AuthorityPage.vue', NULL, NULL, 10, 0, 0, 0, 0, '0', '2022-12-18 12:26:20', '2022-12-27 20:49:04', NULL);
INSERT INTO `sys_menu` VALUES (782587038901514241, 1, 782579756306313217, '客户端管理', '0', '/basic/client', 782650307704041474, 'BasicClient', '@/views/basic/client/ClientLayout.vue', '/basic/client/list', NULL, 22, 0, 0, 0, 0, '0', '2022-12-18 12:27:31', '2022-12-27 20:56:09', NULL);
INSERT INTO `sys_menu` VALUES (782587211480346625, 1, 782587038901514241, '客户端列表', '1', '/basic/client/list', 782650307704041474, 'BasicClientList', '@/views/basic/client/home/ClientPage.vue', NULL, NULL, 10, 0, 0, 0, 0, '0', '2022-12-18 12:28:12', '2022-12-27 20:56:27', NULL);
INSERT INTO `sys_menu` VALUES (782661688801144834, 1, 782587038901514241, '编辑客户端', '1', '/basic/client/:id', 782650307704041474, 'BasicClientManager', '@/views/basic/client/manager/ManagerPage.vue', NULL, NULL, 20, 0, 1, 0, 1, '0', '2022-12-18 17:24:09', '2022-12-29 19:32:17', NULL);
INSERT INTO `sys_menu` VALUES (784784987182116866, 1, 782582623704494082, '账户列表', '1', '/basic/user/list', 782649986701373442, 'BasicUserList', '@/views/basic/user/home/UserPage.vue', NULL, NULL, 10, 0, 0, 0, 0, '0', '2022-12-24 14:01:23', '2023-02-14 09:24:53', NULL);
INSERT INTO `sys_menu` VALUES (785924904339681281, 1, 782582623704494082, '账户详情', '1', '/basic/user/detail/:id', 782649986701373442, NULL, '@/views/basic/user/details/DetailsPage.vue', NULL, NULL, 20, 0, 1, 0, 1, '0', '2022-12-27 17:31:00', '2023-02-14 09:25:01', NULL);
INSERT INTO `sys_menu` VALUES (785927747020828673, 1, 782583497235410945, '绑定部门', '0', '/basic/role/binddept/:id', 782650095858135041, NULL, '@/views/basic/role/binddept/IndexPage.vue', NULL, NULL, 20, 0, 1, 0, 1, '0', '2022-12-27 17:42:18', '2022-12-27 20:47:29', NULL);
INSERT INTO `sys_menu` VALUES (785927849261182978, 1, 782583497235410945, '绑定权限', '0', '/basic/role/bindauthority/:id', 782650095858135041, NULL, '@/views/basic/role/bindauthority/IndexPage.vue', NULL, NULL, 30, 0, 1, 0, 1, '0', '2022-12-27 17:42:42', '2022-12-27 20:48:21', NULL);
INSERT INTO `sys_menu` VALUES (785927957314842626, 1, 782583497235410945, '绑定客户端', '0', '/basic/role/bindclient/:id', 782650095858135041, NULL, '@/views/basic/role/bindclient/IndexPage.vue', NULL, NULL, 40, 0, 1, 0, 1, '0', '2022-12-27 17:43:08', '2022-12-27 20:48:31', NULL);
INSERT INTO `sys_menu` VALUES (805472038554480642, 1, 782579756306313217, '社交管理', '1', '/basic/social', 805471516535599106, NULL, '@/views/basic/social/SocialPage.vue', NULL, NULL, 30, 0, 0, 0, 0, '0', '2023-02-19 16:04:20', '2023-02-19 16:04:33', NULL);
COMMIT;

-- ----------------------------
-- Table structure for sys_role
-- ----------------------------
DROP TABLE IF EXISTS `sys_role`;
CREATE TABLE `sys_role` (
  `id` bigint(20) unsigned NOT NULL COMMENT 'ID',
  `tenant_id` bigint(20) unsigned NOT NULL COMMENT '租户',
  `name` varchar(50) CHARACTER SET utf8 NOT NULL DEFAULT '' COMMENT '角色名称',
  `code` varchar(50) CHARACTER SET utf8 NOT NULL DEFAULT '' COMMENT '角色编码',
  `type` char(1) NOT NULL COMMENT '角色类型',
  `status` char(1) CHARACTER SET utf8 NOT NULL DEFAULT '0' COMMENT '状态, 0:正常，9:禁用',
  `remark` varchar(300) CHARACTER SET utf8 DEFAULT '' COMMENT '备注',
  `created_at` datetime DEFAULT NULL COMMENT '创建日期',
  `updated_at` datetime DEFAULT NULL COMMENT '更新日期',
  `deleted_at` datetime DEFAULT NULL COMMENT '删除日期',
  PRIMARY KEY (`id`) USING BTREE,
  KEY `tenant-code` (`tenant_id`,`code`) USING BTREE COMMENT '编码'
) ENGINE=InnoDB DEFAULT CHARSET=utf8mb4;

-- ----------------------------
-- Records of sys_role
-- ----------------------------
BEGIN;
INSERT INTO `sys_role` VALUES (1, 1, '超级管理员', 'role_admin', '0', '0', '超级管理员', '2021-01-03 11:07:59', '2022-12-17 18:57:32', NULL);
INSERT INTO `sys_role` VALUES (2, 1, '管理员', 'role_manager', '0', '0', '管理员', '2021-06-23 09:28:19', '2023-02-16 18:10:59', NULL);
INSERT INTO `sys_role` VALUES (3, 1, '用户', 'role_user', '0', '0', '用户', '2021-06-23 09:28:33', '2021-06-23 14:34:07', NULL);
COMMIT;

-- ----------------------------
-- Table structure for sys_role_authority
-- ----------------------------
DROP TABLE IF EXISTS `sys_role_authority`;
CREATE TABLE `sys_role_authority` (
  `role_id` bigint(20) unsigned NOT NULL COMMENT '角色ID',
  `authority_id` bigint(20) unsigned NOT NULL COMMENT '权限ID',
  PRIMARY KEY (`role_id`,`authority_id`) USING BTREE
) ENGINE=InnoDB DEFAULT CHARSET=utf8mb4;

-- ----------------------------
-- Records of sys_role_authority
-- ----------------------------
BEGIN;
INSERT INTO `sys_role_authority` VALUES (1, 782647310861250562);
COMMIT;

-- ----------------------------
-- Table structure for sys_role_dept
-- ----------------------------
DROP TABLE IF EXISTS `sys_role_dept`;
CREATE TABLE `sys_role_dept` (
  `role_id` bigint(20) unsigned NOT NULL COMMENT '角色ID',
  `dept_id` bigint(20) unsigned NOT NULL COMMENT '部门ID',
  PRIMARY KEY (`role_id`,`dept_id`)
) ENGINE=InnoDB DEFAULT CHARSET=utf8mb4;

-- ----------------------------
-- Table structure for sys_role_oauth_client
-- ----------------------------
DROP TABLE IF EXISTS `sys_role_oauth_client`;
CREATE TABLE `sys_role_oauth_client` (
  `role_id` bigint(20) unsigned NOT NULL COMMENT '角色ID',
  `client_id` varchar(100) NOT NULL COMMENT '客户端ID',
  PRIMARY KEY (`role_id`,`client_id`)
) ENGINE=InnoDB DEFAULT CHARSET=utf8mb4;

-- ----------------------------
-- Records of sys_role_oauth_client
-- ----------------------------
BEGIN;
INSERT INTO `sys_role_oauth_client` VALUES (1, 'ingot');
COMMIT;

-- ----------------------------
-- Table structure for sys_role_user
-- ----------------------------
DROP TABLE IF EXISTS `sys_role_user`;
CREATE TABLE `sys_role_user` (
  `role_id` bigint(20) unsigned NOT NULL COMMENT '角色ID',
  `user_id` bigint(20) unsigned NOT NULL COMMENT '用户ID',
  PRIMARY KEY (`role_id`,`user_id`)
) ENGINE=InnoDB DEFAULT CHARSET=utf8mb4;

-- ----------------------------
-- Records of sys_role_user
-- ----------------------------
BEGIN;
INSERT INTO `sys_role_user` VALUES (1, 1);
COMMIT;

-- ----------------------------
-- Table structure for sys_social_details
-- ----------------------------
DROP TABLE IF EXISTS `sys_social_details`;
CREATE TABLE `sys_social_details` (
  `id` bigint(20) unsigned NOT NULL COMMENT 'ID',
  `tenant_id` bigint(20) unsigned NOT NULL COMMENT '租户ID',
  `app_id` varchar(64) NOT NULL COMMENT 'App ID',
  `app_secret` varchar(64) DEFAULT NULL COMMENT 'App Secret',
  `redirect_url` varchar(128) DEFAULT NULL COMMENT '重定向地址',
  `name` varchar(20) DEFAULT NULL COMMENT '社交名称',
  `type` varchar(20) DEFAULT NULL COMMENT '类型',
  `status` char(1) CHARACTER SET utf8 DEFAULT '0' COMMENT '状态, 0:正常，9:禁用',
  `created_at` datetime DEFAULT NULL COMMENT '创建日期',
  `updated_at` datetime DEFAULT NULL COMMENT '更新日期',
  `deleted_at` datetime DEFAULT NULL COMMENT '删除日期',
  PRIMARY KEY (`id`) USING BTREE
) ENGINE=InnoDB DEFAULT CHARSET=utf8mb4;

-- ----------------------------
-- Table structure for sys_tenant
-- ----------------------------
DROP TABLE IF EXISTS `sys_tenant`;
CREATE TABLE `sys_tenant` (
  `id` bigint(20) unsigned NOT NULL COMMENT 'ID',
  `name` varchar(255) NOT NULL COMMENT '租户名称',
  `code` varchar(64) NOT NULL COMMENT '租户编号',
  `start_at` datetime DEFAULT NULL COMMENT '开始日期',
  `end_at` datetime DEFAULT NULL COMMENT '结束日期',
  `status` char(1) CHARACTER SET utf8 NOT NULL DEFAULT '0' COMMENT '状态, 0:正常，9:禁用',
  `created_at` datetime DEFAULT NULL COMMENT '创建日期',
  `updated_at` datetime DEFAULT NULL COMMENT '更新日期',
  `deleted_at` datetime DEFAULT NULL COMMENT '删除日期',
  PRIMARY KEY (`id`) USING BTREE
) ENGINE=InnoDB DEFAULT CHARSET=utf8mb4;

-- ----------------------------
-- Records of sys_tenant
-- ----------------------------
BEGIN;
INSERT INTO `sys_tenant` VALUES (1, 'Ingot管理平台', 'ingot', NULL, NULL, '0', '2021-01-06 13:48:26', '2023-02-16 17:58:46', NULL);
COMMIT;

-- ----------------------------
-- Table structure for sys_user
-- ----------------------------
DROP TABLE IF EXISTS `sys_user`;
CREATE TABLE `sys_user` (
  `id` bigint(20) unsigned NOT NULL COMMENT 'ID',
  `tenant_id` bigint(20) unsigned NOT NULL COMMENT '所属租户',
  `dept_id` bigint(20) unsigned NOT NULL DEFAULT '0' COMMENT '部门ID',
  `username` varchar(64) CHARACTER SET utf8mb4 COLLATE utf8mb4_bin NOT NULL COMMENT '用户名',
  `password` varchar(300) CHARACTER SET utf8 NOT NULL COMMENT '密码',
  `nickname` varchar(16) CHARACTER SET utf8 DEFAULT NULL COMMENT '昵称',
  `phone` varchar(32) CHARACTER SET utf8 DEFAULT NULL COMMENT '手机号',
  `email` varchar(64) CHARACTER SET utf8 DEFAULT NULL COMMENT '邮件地址',
  `status` char(1) CHARACTER SET utf8 NOT NULL DEFAULT '0' COMMENT '状态, 0:正常，9:禁用',
  `created_at` datetime DEFAULT NULL COMMENT '创建日期',
  `updated_at` datetime DEFAULT NULL COMMENT '更新日期',
  `deleted_at` datetime DEFAULT NULL COMMENT '删除日期',
  PRIMARY KEY (`id`) USING BTREE,
  KEY `tenant-username` (`tenant_id`,`username`) USING BTREE COMMENT '用户名',
  KEY `tenant-phone` (`tenant_id`,`phone`) USING BTREE COMMENT '手机号',
  KEY `tenant-email` (`tenant_id`,`email`) USING BTREE COMMENT '邮箱'
) ENGINE=InnoDB DEFAULT CHARSET=utf8mb4;

-- ----------------------------
-- Records of sys_user
-- ----------------------------
BEGIN;
INSERT INTO `sys_user` VALUES (1, 1, 1, 'admin', '{bcrypt}$2a$10$un6vyGjHLthh007s5qtHFe56doYCkA8BeEAkJZxQG67pPHjN75B76', '超级管理员', '18603243837', 'admin@ingot.com', '0', '2021-01-03 11:02:46', '2022-12-21 17:35:38', NULL);
COMMIT;

-- ----------------------------
-- Table structure for sys_user_social
-- ----------------------------
DROP TABLE IF EXISTS `sys_user_social`;
CREATE TABLE `sys_user_social` (
  `id` bigint(20) NOT NULL COMMENT 'ID',
  `user_id` bigint(20) NOT NULL COMMENT '用户ID',
  `type` varchar(20) NOT NULL COMMENT '渠道类型',
  `unique_id` varchar(32) NOT NULL COMMENT '渠道唯一ID',
  `bind_at` datetime NOT NULL COMMENT '绑定时间',
  PRIMARY KEY (`id`),
  KEY `unique-type-user` (`unique_id`,`type`,`user_id`) USING BTREE COMMENT '渠道用户索引'
) ENGINE=InnoDB DEFAULT CHARSET=utf8mb4;

SET FOREIGN_KEY_CHECKS = 1;
